<suite name="orangeHRM Test Suite">
  <test name="Admin Login Testcase with valid data">
   <parameter name="AdminUid" value="Admin"></parameter> 
   <parameter name="Adminpwd" value="Qedge123!@#"></parameter>
    <classes>
      <class name="orangeHRM.testcases.AdminLoginWithValidCredentials"></class>
  
    </classes>
  </test>


  <test name="Admin Login Testcase with invalid data">
   <parameter name="uid" value="shubham"></parameter> 
   <parameter name="pwd" value="123456"></parameter>
    <classes>
      <class name="orangeHRM.testcases.AdminLoginWithinvalidCredentials"></class>
  
    </classes>
  </test>

  <test name="Employee Registraion Test">
   <parameter name="fname" value="Shubham"></parameter> 
   <parameter name="lname" value="Bijapure"></parameter>
    <classes>
      <class name="orangeHRM.testcases.EmpRegTestcase"></class>
  
    </classes>
  </test>
  
  
  <test name="New User Registration Test">
   <parameter name="empname" value="Shubham Bijapure"></parameter> 
   <parameter name="username" value="Shubham"></parameter>
   <parameter name="pwd" value="Shubbi@000"></parameter>
   <parameter name="cpwd" value="Shubbi@000"></parameter>
   <parameter name="uname" value="Shubham"></parameter>
   <parameter name="ename" value="Shubham Bijapure"></parameter>
    <classes>
      <class name="orangeHRM.testcases.userRegTestCase"></class>
  
    </classes>
  </test>
  
  <test name="Employee Login Test">
   <parameter name="Eid" value="Shubham"></parameter> 
   <parameter name="Epwd" value="Shubbi@000"></parameter>
    <classes>
      <class name="orangeHRM.testcases.EmpLoginTest"></class>
  
    </classes>
  </test>
  
</suite>